Parts Cost,Labor Cost,Sublet Cost,Total Service Cost
82.32,7,0,89.32
503.99,115.5,0,619.49
"10,046.40",531.92,0,"10,578.32"
42.95,10.6,0,53.55
0,3.36,0,3.36
0,17.22,0,17.22
317.8,225.3,0,543.1
0,38.1,0,38.1
265.99,30,0,295.99
108.69,20.14,0,128.83
"2,242.72",0,0,"2,242.72"
0,14.7,0,14.7
479.48,62.7,0,542.18
34.94,27.56,0,62.5
18.42,1.05,0,19.47
"2,790.97",148.54,0,"2,939.51"
"1,816.35",470.75,0,"2,287.10"
0,13.44,0,13.44
0,4.2,0,4.2
0,30.66,0,30.66
"1,766.19",361.59,0,"2,127.78"
983.46,71.75,0,"1,055.21"
"8,415.87",381.75,0,"8,797.62"
0,35,0,35
631.43,44.8,0,676.23
"2,085.93",60,0,"2,145.93"
859.2,52.8,0,912
0,47.25,0,47.25
4.69,75,0,79.69
0,0,0,0
"2,357.90",20.41,0,"2,378.31"
"3,234.22",408.2,0,"3,642.42"
"1,623.64",78.56,0,"1,702.20"
622.61,175.32,0,797.93
"2,935.43",78,0,"3,013.43"
355.93,228.25,0,584.18
413.39,56.16,0,469.55
"2,242.87",160.16,0,"2,403.03"
400.18,26.25,0,426.43
350.58,32.2,0,382.78
350.58,45.5,0,396.08
400.18,43.68,0,443.86
384.79,188.24,0,573.03
363.54,205.4,0,568.94
0,15.6,0,15.6
640.7,0,0,640.7
"3,126.16",292.98,0,"3,419.14"
"1,872.16",336,0,"2,208.16"
0,36.4,0,36.4
937.99,17.5,0,955.49
82.53,87.5,0,170.03
407.34,203.7,0,611.04
427.47,164.85,0,592.32
370.98,342.54,0,713.52
592.65,290.16,0,882.81
4.53,54.25,0,58.78
4.53,37.75,0,42.28
21.24,1.56,0,22.8
50.52,43.25,0,93.77
690.51,701.48,0,"1,391.99"
46,23.4,0,69.4
363.85,440.83,0,804.68
273.06,80.6,0,353.66
939.03,63.25,0,"1,002.28"
0,5,0,5
0,34.84,0,34.84
995.79,38.25,0,"1,034.04"
29.98,122.2,0,152.18
0,4.16,0,4.16
56.89,13,0,69.89
59.3,111.8,0,171.1
216.57,241.28,0,457.85
0,21.84,0,21.84
0,0,673.05,673.05
0,0,0,0
4.53,65.75,0,70.28
4.53,74.5,0,79.03
4.53,50.5,0,55.03
4.53,51.5,0,56.03
5.02,84.76,0,89.78
302.2,65,0,367.2
215.28,37.44,0,252.72
0,11.96,0,11.96
307.23,52,0,359.23
508.23,677.45,0,"1,185.68"
0,4.16,0,4.16
513.78,158.08,0,671.86
624.03,113.88,0,737.91
43.76,14.7,0,58.46
4.48,115.96,0,120.44
131.5,204.36,0,335.86
0,46.8,0,46.8
217,234.52,0,451.52
47.21,132.6,0,179.81
"1,092.46",179.4,0,"1,271.86"
0,17.5,0,17.5
15.68,0,0,15.68
71.14,74.88,0,146.02
4.48,149.76,0,154.24
4.48,109.2,0,113.68
597.71,575.64,0,"1,173.35"
8.35,21.35,0,29.7
0,94.12,0,94.12
4.48,32.76,0,37.24
4.48,143,0,147.48
0,17.5,0,17.5
0,17.5,0,17.5
4.48,58.24,0,62.72
495.15,164.84,0,659.99
"4,301.68",365.79,0,"4,667.47"
27.56,40.04,0,67.6
4.53,62.5,0,67.03
0,10.5,0,10.5
"1,285.52",0,0,"1,285.52"
4.48,156,0,160.48
4.48,87.36,0,91.84
0,42.64,0,42.64
103.27,68.64,0,171.91
"4,730.46",0,0,"4,730.46"
79.9,55.64,0,135.54
0,24.5,0,24.5
73.04,6,0,79.04
0,0,0,0
0,67.6,0,67.6
512.69,135.2,0,647.89
7.49,349.57,0,357.06
178.1,197.6,0,375.7
184.26,253.75,0,438.01
0,58.24,0,58.24
177.51,57.2,0,234.71
79.05,83.2,0,162.25
46.31,69.68,0,115.99
0,78,0,78
4.48,118.56,0,123.04
2.56,88.4,0,90.96
4.48,97.24,0,101.72
0,65.52,0,65.52
205.8,142.88,580.13,928.81
12.43,74.36,0,86.79
463.58,0,0,463.58
"3,589.33",0,0,"3,589.33"
395.54,21.84,0,417.38
143.52,11.96,0,155.48
242.32,78.52,0,320.84
284.41,82.16,0,366.57
4.48,101.4,0,105.88
137.9,81.09,0,218.99
0,4.16,0,4.16
"1,123.87",351.34,0,"1,475.21"
4.48,110.76,0,115.24
0,16.64,0,16.64
119.59,85.75,0,205.34
225.1,18.2,0,243.3
156.3,67.6,0,223.9
4.53,62.5,0,67.03
0,0,0,0
4.53,45,0,49.53
4.53,62.5,0,67.03
9.39,58.36,0,67.75
0,0,0,0
4.53,48,0,52.53
0,42,0,42
4.53,40.5,0,45.03
89.96,142.48,0,232.44
0,0,0,0
115.92,231.92,0,347.84
0,47.84,0,47.84
0,48.36,0,48.36
247.62,0,0,247.62
57.56,89.44,0,147
0,14.56,0,14.56
12.43,81.64,0,94.07
580.44,45.24,0,625.68
"1,269.57",24.44,0,"1,294.01"
12.43,58.24,0,70.67
55.15,83.72,0,138.87
4.48,44.2,0,48.68
73.08,122.2,0,195.28
"1,831.43",131.84,0,"1,963.27"
4.48,68.64,0,73.12
4.48,45.9,0,50.38
4.48,79.5,0,83.98
4.48,81.3,0,85.78
4.48,88.4,0,92.88
4.48,102.96,0,107.44
4.48,160.68,0,165.16
4.48,116.07,0,120.55
4.48,59.36,0,63.84
0,9.36,0,9.36
0,6.36,0,6.36
0,4.24,0,4.24
0,7.8,0,7.8
4.48,57.2,0,61.68
4.48,154.44,0,158.92
4.48,115.44,0,119.92
4.48,110.24,0,114.72
6.41,128.44,0,134.85
"5,893.16",356.45,0,"6,249.61"
4.48,134.68,0,139.16
4.48,69.3,0,73.78
0,15.6,0,15.6
12.6,5.3,0,17.9
"1,910.01",274.04,0,"2,184.05"
4.48,70.72,0,75.2
4.48,30.68,0,35.16
0,0,0,0
0,0,0,0
0,0,0,0
167.96,0,0,167.96
12.43,58.76,0,71.19
15.07,52,0,67.07
0,34.84,0,34.84
24.13,97.76,0,121.89
151.2,19.24,0,170.44
979.11,297.96,0,"1,277.07"
816.8,0,0,816.8
0,"1,034.55",0,"1,034.55"
771.04,32.24,0,803.28
"1,589.25",28.25,0,"1,617.50"
0,17.5,0,17.5
0,17.5,0,17.5
0,20.8,0,20.8
0,17.5,0,17.5
144.25,81.12,0,225.37
0,17.5,0,17.5
0,17.5,0,17.5
734.3,0,0,734.3
407.99,33.8,0,441.79
495.3,0,0,495.3
194.21,0,0,194.21
"1,372.23",291.65,0,"1,663.88"
-149.85,83.2,0,-66.65
384.79,228.8,0,613.59
390.58,110.25,0,500.83
0,8.25,0,8.25
0,0,0,0
"2,006.94",127.74,0,"2,134.68"
357.2,267.28,0,624.48
101.27,10.92,0,112.19
65.81,104.73,0,170.54
209.96,14.5,0,224.46
901.22,59.5,0,960.72
0,13,0,13
90.99,43.16,0,134.15
0,47.25,0,47.25
0,0,0,0
0.76,12.25,0,13.01
756.19,127.4,0,883.59
435.29,214.76,0,650.05
4.48,57.2,0,61.68
381.02,289.12,0,670.14
95.95,91,0,186.95
291.72,87.5,0,379.22
593.66,232.75,0,826.41
5.44,34.84,0,40.28
0,6.24,0,6.24
"1,232.04",288.42,0,"1,520.46"
0,7.8,0,7.8
0,29.75,0,29.75
0,20.8,0,20.8
0,9.36,0,9.36
69,90.48,0,159.48
0,9.36,0,9.36
0,47.84,0,47.84
0,3.64,0,3.64
17.86,163.8,0,181.66
0,6.24,0,6.24
285.9,134.16,0,420.06
12.43,58.76,0,71.19
127.18,106.6,0,233.78
135.25,79.04,0,214.29
384.79,131.95,0,516.74
"2,464.77",3.64,0,"2,468.41"
48.6,117.52,0,166.12
0,3.64,0,3.64
211.48,162.76,0,374.24
0,18.2,0,18.2
411.36,79.04,0,490.4
0,52,0,52
55.15,59.8,0,114.95
0,36.4,0,36.4
167.96,0,0,167.96
0,36.4,0,36.4
0,16.64,0,16.64
"2,334.43",37.5,0,"2,371.93"
69,65,0,134
"23,684.70",895.7,0,"24,580.40"
235.46,56.94,0,292.4
0,10.4,0,10.4
347.64,56.16,0,403.8
178.78,0,0,178.78
282.89,78,0,360.89
0,14.5,0,14.5
81.32,195,0,276.32
0,22,0,22
4.48,102.96,0,107.44
95.42,161.45,0,256.87
93.43,304.2,0,397.63
101.94,93.03,0,194.97
442.8,48.23,0,491.03
0,76.44,0,76.44
258.49,167.25,0,425.74
14.57,52.25,0,66.82
268.36,301.07,0,569.43
4.48,97.24,0,101.72
4.48,21.84,0,26.32
4.48,20.28,0,24.76
4.48,86.84,0,91.32
4.48,109.71,0,114.19
4.48,104.52,0,109
4.48,72.8,0,77.28
33.8,40.04,0,73.84
12.43,133.55,0,145.98
0,0,0,0
485.68,62.4,0,548.08
927.28,68.64,0,995.92
"2,084.45",293.8,0,"2,378.25"
0,29.64,0,29.64
758.22,35.06,0,793.28
4.48,68.64,0,73.12
4.48,105.04,0,109.52
4.48,100.88,0,105.36
4.48,184.08,0,188.56
2.92,132.08,0,135
12.43,55.64,0,68.07
274.6,102.44,0,377.04
"2,219.54",0,0,"2,219.54"
0,15.6,0,15.6
400.18,18.2,0,418.38
0,17.16,0,17.16
400.18,26.95,0,427.13
400.18,39.22,0,439.4
0,6.76,0,6.76
222.47,211.15,0,433.62
0,126.67,0,126.67
"1,025.94",0,288.75,"1,314.69"
182,13,0,195
12.43,58.76,0,71.19
0,35,0,35
13.32,39.25,0,52.57
59.77,53.22,0,112.99
296,0,0,296
4.48,57.24,0,61.72
0,10.5,0,10.5
0,11.44,0,11.44
98.28,1.04,0,99.32
0,103.6,0,103.6
702.43,26,0,728.43
"1,336.99",807.72,0,"2,144.71"
768.48,57,0,825.48
25.97,31.2,0,57.17
4.53,41.75,0,46.28
144.02,88.4,0,232.42
107.49,148.4,0,255.89
4.48,81.09,0,85.57
0,6.36,0,6.36
4.48,42.64,0,47.12
0,9.36,0,9.36
4.48,107.06,0,111.54
303.73,147.16,0,450.89
0,85.8,0,85.8
351.27,188.85,0,540.12
196.59,157.07,0,353.66
770.44,210.41,0,980.85
0,1.75,0,1.75
0,73.14,0,73.14
0,18.55,0,18.55
12.43,40.81,0,53.24
276.52,99.11,0,375.63
79.05,47.25,0,126.3
746.64,153.17,0,899.81
"1,862.13",69.18,0,"1,931.31"
313.96,74.2,0,388.16
22.38,33.25,0,55.63
59.3,0,0,59.3
59.3,43.75,0,103.05
59.3,87.45,0,146.75
22.74,38.16,0,60.9
32.37,5.3,0,37.67
251.99,49.29,0,301.28
"1,094.44",111.83,0,"1,206.27"
320.67,18.55,0,339.22
0,89.04,0,89.04
0,53,0,53
464.17,250.16,0,714.33
327.51,109.71,0,437.22
128.26,129.85,0,258.11
607.73,252.81,0,860.54
0,46.5,0,46.5
0,15,0,15
32.01,87.5,0,119.51
0,0,0,0
0,21.75,0,21.75
4.48,89.1,0,93.58
4.48,91.8,0,96.28
566.09,133.56,0,699.65
44.39,77.86,0,122.25
726.59,0,0,726.59
80.96,13.25,0,94.21
7.97,46.11,0,54.08
208,57,0,265
"2,377.34","2,019.83",0,"4,397.17"
0,41.1,0,41.1
210.76,72.9,0,283.66
275.98,192.6,0,468.58
"4,002.33",210,0,"4,212.33"
0,90.1,0,90.1
0,12.19,0,12.19
306.77,44.1,0,350.87
0,58.3,0,58.3
4.53,70,0,74.53
59.3,37.44,0,96.74
336.62,15,0,351.62
93.28,166.95,0,260.23
180.86,18.75,0,199.61
0,172.25,0,172.25
0,11.4,0,11.4
"1,390.54",636.53,0,"2,027.07"
0,69.6,0,69.6
5.76,6.36,0,12.12
0,37.1,0,37.1
26.69,96.99,0,123.68
0,11.4,0,11.4
0,47.42,0,47.42
4.48,113.42,0,117.9
0,56.98,0,56.98
0,61.52,0,61.52
0,67.56,0,67.56
0,65.1,0,65.1
250.24,19.5,0,269.74
0,42.28,0,42.28
0,30.42,0,30.42
0,29.4,0,29.4
4.48,19.6,0,24.08
0,20.5,0,20.5
0,9,0,9
0,45.05,0,45.05
"1,452.59",154.75,0,"1,607.34"
273.92,45.85,0,319.77
42.37,73,0,115.37
528.07,83.21,0,611.28
0,18.55,0,18.55
582.17,159.53,0,741.7
25.36,94.34,0,119.7
163.8,65.72,0,229.52
182,89.7,0,271.7
7.9,19.61,0,27.51
73.48,39.3,0,112.78
13.53,90.6,0,104.13
913.55,51.83,0,965.38
0,7.54,0,7.54
"1,879.33",588.83,0,"2,468.16"
0,0,0,0
0,11.66,0,11.66
85.11,127.75,0,212.86
0,0,0,0
"1,205.74",37.5,0,"1,243.24"
47.81,81.09,0,128.9
0,6.36,0,6.36
0,18.75,0,18.75
0,98.05,0,98.05
"1,846.30",669.92,490.88,"3,007.10"
12.48,128.26,0,140.74
14.08,77.12,0,91.2
988.91,178.41,0,"1,167.32"
17.04,88.51,0,105.55
70.14,111.83,0,181.97
0,2.6,0,2.6
0,24.91,0,24.91
13.53,51.94,0,65.47
150.89,181.79,0,332.68
12.43,111.83,0,124.26
58.36,62.01,0,120.37
210.68,11.2,0,221.88
210.68,27.56,0,238.24
4.48,57.6,0,62.08
48.64,1.3,0,49.94
393.08,158.7,0,551.78
105.25,154.44,0,259.69
83.03,32.5,0,115.53
98.28,6.5,0,104.78
291.6,27.56,0,319.16
0,214.65,0,214.65
0,28.7,0,28.7
19.1,78.25,0,97.35
54,28.7,0,82.7
210.42,170.82,0,381.24
0,102.29,0,102.29
"2,916.59",76.32,0,"2,992.91"
303.79,289.8,0,593.59
132.28,96.25,0,228.53
98.12,42.1,0,140.22
"1,026.87",442.48,0,"1,469.35"
7.97,60.06,0,68.03
54.79,9.8,0,64.59
0,4.55,0,4.55
4.48,34.8,0,39.28
163.16,25.44,0,188.6
149.83,195.3,0,345.13
117.84,40.9,0,158.74
4.48,109.2,0,113.68
151.2,18,0,169.2
47.81,112.89,0,160.7
497.77,91.69,0,589.46
0,49.02,0,49.02
0,278.25,0,278.25
913.5,34.45,0,947.95
0,27.3,0,27.3
0,64.66,0,64.66
136.46,55.71,0,192.17
4.48,70.2,0,74.68
0,31.8,0,31.8
"1,120.74",107.58,0,"1,228.32"
75.47,81.64,0,157.11
"1,271.03",401.16,0,"1,672.19"
25.9,104.56,0,130.46
0,35,0,35
161.9,13.5,0,175.4
23.39,18.55,0,41.94
47.27,51.94,0,99.21
47.27,37.45,0,84.72
599.05,409.16,0,"1,008.21"
0,59.36,0,59.36
267.4,58.8,0,326.2
13.53,57.6,0,71.13
112.13,151.5,0,263.63
125.01,28.09,0,153.1
246.57,131.44,0,378.01
13.53,74.2,0,87.73
552.86,368.88,0,921.74
79.05,41.25,0,120.3
0,11.66,0,11.66
103.65,11.55,0,115.2
0,35,0,35
182,16.96,0,198.96
680.7,438.84,0,"1,119.54"
81.19,372.45,0,453.64
195.93,53.1,0,249.03
0,42.9,0,42.9
"1,882.93",280,0,"2,162.93"
32.69,92.75,0,125.44
19.78,2.1,0,21.88
53.89,55.12,0,109.01
158.4,14.1,0,172.5
0,35,0,35
462.33,22.79,0,485.12
62.79,59.86,0,122.65
104.64,52.74,0,157.38
125.63,5.1,0,130.73
48.22,82.68,0,130.9
161.49,60.6,0,222.09
206,93.25,0,299.25
4.48,17.68,0,22.16
4.48,29.64,0,34.12
4.48,52.26,0,56.74
0,181.79,0,181.79
578.77,73.14,0,651.91
124.77,48.8,0,173.57
0,9.5,0,9.5
0,58.8,0,58.8
729.68,48.6,0,778.28
112.43,162.6,0,275.03
94.14,120.31,0,214.45
350.58,29.4,0,379.98
69.51,54.06,0,123.57
0,28.09,0,28.09
"1,163.50",15.9,0,"1,179.40"
0,25.44,0,25.44
56.6,56.71,0,113.31
0,13.25,0,13.25
12.43,71.55,0,83.98
57.56,67.31,0,124.87
902.17,337.08,0,"1,239.25"
769.28,94.34,0,863.62
63.02,68.9,0,131.92
107,81,0,188
12.43,49.5,0,61.93
0,23.85,0,23.85
4.48,54.86,0,59.34
4.48,23.4,0,27.88
12.43,72.61,0,85.04
770.93,199.81,0,970.74
4.48,36.4,0,40.88
10.37,58.5,0,68.87
0,9.54,0,9.54
0,0,0,0
0,15.9,0,15.9
720.01,0,0,720.01
56.6,32.1,0,88.7
0,23.85,0,23.85
0,14.7,0,14.7
67.31,43.5,0,110.81
59.49,71.55,0,131.04
233.39,132,0,365.39
199.45,125.61,0,325.06
294.16,119.25,0,413.41
0,0,0,0
769.28,25.44,0,794.72
101.57,290.44,0,392.01
0,16.96,0,16.96
7.97,46.02,0,53.99
0,14.31,0,14.31
4.48,14.82,0,19.3
69.77,77.91,0,147.68
56.6,40.5,0,97.1
0,9.9,0,9.9
0,22.05,0,22.05
262.36,276.75,0,539.11
0,151.05,0,151.05
107.04,28.09,0,135.13
462.33,62.1,0,524.43
56.14,89.4,0,145.54
2.84,0.9,0,3.74
166.16,119.25,0,285.41
62.41,109.18,0,171.59
63.53,74.2,0,137.73
18.78,65.72,0,84.5
419.32,49.82,0,469.14
12.43,60.95,0,73.38
91.36,83.21,0,174.57
1.16,51.94,0,53.1
73.64,0,0,73.64
0,35,0,35
4.48,26.78,0,31.26
174.32,120.31,0,294.63
348.23,18.9,0,367.13
67.31,82.5,0,149.81
4.48,26,0,30.48
4.48,48.36,0,52.84
0,0.78,0,0.78
4.48,57.2,0,61.68
0,1.82,0,1.82
260,18,0,278
0,23.85,0,23.85
0,7.5,0,7.5
63.01,16.8,0,79.81
739.95,49.29,0,789.24
243.73,37.1,0,280.83
15.14,66,0,81.14
0,12.25,0,12.25
0,0,0,0
0,87.45,0,87.45
59.49,74.73,0,134.22
132.34,103.5,0,235.84
12.43,36.3,0,48.73
65.29,88.51,0,153.8
9.71,39.75,0,49.46
187.34,23.8,0,211.14
289,98.05,0,387.05
54.79,2.8,0,57.59
690.82,9.62,0,700.44
0,22.26,0,22.26
4.53,2.8,0,7.33
0,16.45,0,16.45
66.62,139.39,0,206.01
12.43,55.12,0,67.55
52.05,73.14,0,125.19
47.3,47,0,94.3
0,0,0,0
773.78,117.9,0,891.68
402.41,394.85,0,797.26
4.53,63.75,0,68.28
588.79,131.97,0,720.76
63.14,52,0,115.14
682.09,117.66,0,799.75
0,26.52,0,26.52
0,28.09,0,28.09
525.87,45.6,0,571.47
"2,219.54",21.06,0,"2,240.60"
54.96,9.62,0,64.58
0,11.66,0,11.66
46.47,75.79,0,122.26
0,8.75,0,8.75
734.3,0,0,734.3
196.98,119.25,0,316.23
109.33,91.15,0,200.48
48.57,37.5,0,86.07
103.27,16.9,0,120.17
55.56,86.39,0,141.95
0,78.44,0,78.44
551.7,127.92,0,679.62
664.06,182,0,846.06
"2,937.53",102.29,0,"3,039.82"
"1,644.50",29.25,0,"1,673.75"
732.02,470.64,0,"1,202.66"
0,17.5,0,17.5
14.03,59.02,0,73.05
197.69,126.14,0,323.83
111.09,286.2,0,397.29
47.89,88.51,0,136.4
33.32,36.05,0,69.37
66.49,69.9,0,136.39
54.79,9.01,0,63.8
193.28,94.34,0,287.62
47.81,77.91,0,125.72
174.19,75.26,0,249.45
75.37,0,0,75.37
510.3,0,0,510.3
0,33.92,0,33.92
0,78,0,78
0,6.36,0,6.36
12,3.71,0,15.71
68.15,43.5,0,111.65
123.69,186.03,0,309.72
13.53,57.24,0,70.77
54.79,2.8,0,57.59
350.58,29.75,0,380.33
637.05,203.52,0,840.57
"1,013.18",67.31,0,"1,080.49"
118.66,26.5,0,145.16
5.9,17.4,0,23.3
250.25,33.39,0,283.64
86.8,72.1,0,158.9
245.53,61.5,0,307.03
0,0,0,0
0,24.91,288.75,313.66
717.46,83.74,0,801.2
54.44,57.6,0,112.04
"1,022.30",80.56,0,"1,102.86"
562.43,273.48,0,835.91
122.36,135.68,0,258.04
35.49,33.25,0,68.74
375.78,40.6,0,416.38
305.5,24.5,0,330
0,12,0,12
44.68,26.4,0,71.08
4.52,45.05,0,49.57
107,44.1,0,151.1
41.08,54.22,0,95.3
12.43,54,0,66.43
338.03,244.5,0,582.53
"1,468.99",128.7,0,"1,597.69"
55.56,70.49,0,126.05
"2,122.44",182.32,0,"2,304.76"
188.51,126.9,0,315.41
0,0,0,0
2.33,95.4,0,97.73
7.97,26.78,0,34.75
348.23,34.45,0,382.68
"1,859.90",85.4,0,"1,945.30"
22.65,84.8,0,107.45
14.63,91.5,0,106.13
204.17,52.47,0,256.64
2.92,2.65,0,5.57
174.98,81.09,0,256.07
54.79,2,0,56.79
54.79,10.75,0,65.54
54.79,3.25,0,58.04
54.79,3.75,0,58.54
270.62,188.68,0,459.3
776.71,168.54,0,945.25
93.85,232.14,0,325.99
156.3,83.98,0,240.28
0,33.75,0,33.75
62.26,29.05,0,91.31
39.57,21.7,0,61.27
59.52,45.9,0,105.42
47.81,77.38,0,125.19
39.57,31.8,0,71.37
16.98,47.7,0,64.68
381.25,53,0,434.25
499.19,47.85,0,547.04
314.42,0,0,314.42
7.19,99.64,0,106.83
"1,819.35",166,0,"1,985.35"
57.53,1.59,0,59.12
0,30.74,0,30.74
0,7.28,0,7.28
82.48,42.93,0,125.41
174.98,78.97,0,253.95
172.13,71.55,0,243.68
"1,811.92",110.77,0,"1,922.69"
"1,641.99",212.4,0,"1,854.39"
47.31,158.47,0,205.78
0,11.96,0,11.96
0,12.22,0,12.22
0,36.05,0,36.05
0,0,0,0
0,9.88,0,9.88
0,8.32,0,8.32
188.03,22.88,0,210.91
0,8.58,0,8.58
0,20.8,0,20.8
0,6.5,0,6.5
0,14.82,0,14.82
0,18.98,0,18.98
0,9.88,0,9.88
0,23.92,0,23.92
182,29.12,0,211.12
455.03,144.16,0,599.19
124.48,10.85,0,135.33
0,7,0,7
0,15.75,0,15.75
761.8,50.35,0,812.15
366.98,246.45,0,613.43
215.39,81.2,0,296.59
474.02,147,0,621.02
18.51,39.9,0,58.41
300.14,286.2,0,586.34
475.62,203.52,0,679.14
237.11,67.31,0,304.42
315.21,41.3,0,356.51
84.81,57.5,0,142.31
12.43,79.5,0,91.93
555.49,240.62,0,796.11
47.37,13.25,0,60.62
0,88.51,0,88.51
0,3.38,0,3.38
0,26.78,0,26.78
0,18.46,0,18.46
0,163.24,0,163.24
43.69,599.43,0,643.12
4.16,224.72,0,228.88
64.57,44.7,0,109.27
0,11.55,0,11.55
66.99,3.25,0,70.24
56.6,56.71,0,113.31
56.6,49.8,0,106.4
0,0.9,0,0.9
0,37.1,0,37.1
0,20.67,0,20.67
19.17,74.73,0,93.9
145.84,127.2,0,273.04
0,9.62,0,9.62
12.43,36,0,48.43
125.14,54.59,0,179.73
0,0,0,0
75.28,61.5,0,136.78
225.1,21,0,246.1
190,128.4,0,318.4
416.64,310.58,0,727.22
100.31,55.75,0,156.06
843.28,358.28,0,"1,201.56"
518.03,55.12,0,573.15
12.43,46.5,0,58.93
56.6,38.48,0,95.08
33.32,48.25,0,81.57
739.64,63.6,0,803.24
0,145.8,0,145.8
227,246.9,0,473.9
12.43,37.8,0,50.23
191.37,147.34,0,338.71
221.49,72.08,0,293.57
1.52,74.25,0,75.77
523.54,91.7,0,615.24
54.44,76.85,0,131.29
33.32,53.75,0,87.07
13.53,99.64,0,113.17
0,18.55,0,18.55
106.54,95.93,0,202.47
0,17.49,0,17.49
0,9.9,0,9.9
0,13.25,0,13.25
48.87,120.84,0,169.71
145.84,17.7,0,163.54
12.43,37.5,0,49.93
392.87,98.7,0,491.57
81.44,60.95,0,142.39
0,17.68,0,17.68
194.81,98.25,0,293.06
66.1,91.69,0,157.79
850.82,79.45,0,930.27
0,15.05,0,15.05
402.76,108.55,0,511.31
47.81,78.44,0,126.25
12.43,77.91,0,90.34
762.99,108.85,0,871.84
15.64,17.49,0,33.13
"1,012.53",15.6,0,"1,028.13"
"2,627.87",417.21,0,"3,045.08"
83.72,92.75,0,176.47
192.09,266.59,0,458.68
411.97,205.11,0,617.08
64.25,99.64,0,163.89
40.46,72.5,0,112.96
0,16.38,0,16.38
397.97,44.45,0,442.42
0,7.7,0,7.7
56.16,116.6,0,172.76
0,12.19,0,12.19
91.95,69.75,0,161.7
382.16,40.81,0,422.97
252.47,38.5,0,290.97
0,0,0,0
"1,301.85",83,0,"1,384.85"
1.84,83.6,0,85.44
136.9,135.15,0,272.05
55.9,83.1,0,139
285.15,178.61,0,463.76
77.9,121.9,0,199.8
34.5,63.6,0,98.1
0,14.84,0,14.84
536.04,60.3,0,596.34
129.46,15.37,0,144.83
0,66.25,0,66.25
52.69,91.25,0,143.94
195.83,146.28,0,342.11
55.56,85.86,0,141.42
10.37,61.1,0,71.47
0,1.82,0,1.82
10.37,34.58,0,44.95
0,1.82,0,1.82
108,2.65,0,110.65
10.37,46.8,0,57.17
0,0.52,0,0.52
621.51,74.2,0,695.71
0,67.31,0,67.31
4.53,46.75,0,51.28
143.84,73.2,0,217.04
343.56,56,0,399.56
169.2,72.8,0,242
48.57,57.5,0,106.07
57.98,106.53,0,164.51
101.57,16.5,0,118.07
"1,181.26",87.6,0,"1,268.86"
502.19,109.71,0,611.9
63.53,46.64,0,110.17
10.37,96.46,0,106.83
10.37,116.6,0,126.97
10.37,120.31,0,130.68
311.78,160.59,0,472.37
882.08,193.9,0,"1,075.98"
0,0,0,0
0,60,0,60
192.4,10,0,202.4
0,26.5,0,26.5
24.13,81.09,0,105.22
0,12,0,12
0,18.75,0,18.75
62.1,88.2,0,150.3
16.98,14.84,0,31.82
0,86.39,0,86.39
80.5,50.35,0,130.85
64.12,79.5,0,143.62
0,1.5,0,1.5
47.81,68.7,0,116.51
0,10.5,0,10.5
897.65,86.25,0,983.9
0,10.75,0,10.75
90.3,403.8,0,494.1
0,9,0,9
274.76,50.35,0,325.11
96.14,72.6,0,168.74
92.33,0,0,92.33
33.3,51.75,0,85.05
0,17.5,0,17.5
0,18.6,0,18.6
64.25,81,0,145.25
27.84,75.26,0,103.1
55.56,30.6,0,86.16
"1,169.94",105.9,0,"1,275.84"
10.37,17.42,0,27.79
153.4,22.26,0,175.66
10.37,17.42,0,27.79
"1,536.87",77.91,0,"1,614.78"
346.6,571.87,0,918.47
43.21,42.7,0,85.91
69,13.78,0,82.78
78.3,44.4,0,122.7
56.18,76.85,0,133.03
54.79,2.8,0,57.59
0,118.19,0,118.19
0,5.95,0,5.95
0,9.54,0,9.54
5.6,93.28,0,98.88
89.76,79.19,0,168.95
478.31,375.24,0,853.55
136.9,172.25,0,309.15
"1,508.18",129.15,0,"1,637.33"
4.53,86.8,0,91.33
99.33,65.27,0,164.6
5.6,26.4,0,32
156.22,70.49,0,226.71
55.6,21,0,76.6
0,0,0,0
130.26,0,0,130.26
0,27.65,0,27.65
0,9.54,0,9.54
0,14.84,0,14.84
1.78,0,0,1.78
1.78,13.25,0,15.03
0,8.25,0,8.25
341.5,151.05,0,492.55
46.63,102.29,0,148.92
0,1.59,0,1.59
287.41,35.4,0,322.81
4.53,69.25,0,73.78
4.53,63.75,0,68.28
398.63,123.49,0,522.12
349.83,18.55,0,368.38
792.99,164.24,0,957.23
1.78,0,0,1.78
1.78,7.5,0,9.28
"1,244.52",133.03,0,"1,377.55"
97.78,113.95,0,211.73
263.22,93.6,0,356.82
0,22.79,0,22.79
164.61,26.99,0,191.6
16.98,7.7,0,24.68
16.98,8.75,0,25.73
16.98,12.25,0,29.23
16.98,9.45,0,26.43
16.98,23.8,0,40.78
16.98,7,0,23.98
0,6.25,0,6.25
135.25,41.34,0,176.59
12.43,14.84,0,27.27
436.67,118.72,0,555.39
0,15.9,0,15.9
10.37,39.52,0,49.89
44.01,53.55,0,97.56
928.24,46.2,0,974.44
298.43,57.6,0,356.03
80.13,59.89,0,140.02
339.1,106,0,445.1
423.04,59.36,0,482.4
173.14,14.31,0,187.45
0,9.6,0,9.6
400.18,23.85,0,424.03
211.52,0,0,211.52
163.99,261.29,0,425.28
0,47.1,0,47.1
0,29.15,0,29.15
509.97,57.24,0,567.21
0,27.3,0,27.3
37.73,17.5,0,55.23
"2,150.99",113.95,0,"2,264.94"
0,30.74,0,30.74
115.22,118.2,0,233.42
0,0,0,0
0,15.75,0,15.75
82.06,90.3,0,172.36
"1,254.49",18.2,0,"1,272.69"
4.53,0,0,4.53
16.98,17.49,0,34.47
0,9.88,0,9.88
0,0,0,0
0,15.08,0,15.08
10.37,52,0,62.37
0,30.21,0,30.21
47.68,10.5,0,58.18
120.02,86.2,0,206.22
54.44,57.3,0,111.74
797.04,149.99,0,947.03
438.28,53.3,0,491.58
134.21,70.35,0,204.56
33.74,74.2,0,107.94
56.6,53.53,0,110.13
0,74.2,0,74.2
15.74,14.1,0,29.84
56.16,126.14,0,182.3
56.6,24.91,0,81.51
237.49,42,0,279.49
677.03,84.9,0,761.93
4.53,35.88,0,40.41
4.53,58.5,0,63.03
0,22.05,0,22.05
58.28,0,0,58.28
273.24,151.58,0,424.82
131.2,4.5,0,135.7
672.98,306.87,0,979.85
729.68,67.84,0,797.52
218.72,0,0,218.72
144.87,147,0,291.87
77.2,67.84,0,145.04
45.79,46.64,0,92.43
77.2,49.29,0,126.49
74.53,119.25,0,193.78
0,0,0,0
48.55,64.66,0,113.21
0,89.4,0,89.4
0,40.5,0,40.5
0,3.6,0,3.6
912,176.49,0,"1,088.49"
734.3,0,0,734.3
6.78,83.74,0,90.52
685.32,270.7,0,956.02
7.97,0,0,7.97
0,20.1,0,20.1
58.28,0,0,58.28
0,12.9,0,12.9
0,116.6,0,116.6
39.3,67.84,0,107.14
682.09,99.64,0,781.73
300.48,79.2,0,379.68
850.87,79.45,0,930.32
12.61,81.09,0,93.7
264.4,94.87,0,359.27
274.78,57.72,0,332.5
263.37,21.2,0,284.57
12.61,48.3,0,60.91
123.01,33,0,156.01
204.05,164.83,0,368.88
458.83,61.25,0,520.08
"1,191.95",23.45,0,"1,215.40"
"2,660.70",123.9,0,"2,784.60"
10.37,58.5,0,68.87
10.37,63.6,0,73.97
10.37,104.41,0,114.78
10.37,114.48,0,124.85
10.37,91.5,0,101.87
228.16,58.2,0,286.36
10.37,84.6,0,94.97
224.4,100.7,0,325.1
336.67,69.96,0,406.63
128.02,83.74,0,211.76
107.73,115.54,0,223.27
0.8,35,0,35.8
211.52,200.34,0,411.86
0,256.88,0,256.88
115.31,74.2,0,189.51
364.82,71.1,0,435.92
0,13.25,0,13.25
79.5,39.75,0,119.25
4.53,106,0,110.53
0,26.5,0,26.5
56.56,90.1,0,146.66
734.3,0,0,734.3
0,78.97,0,78.97
68.21,103.35,0,171.56
157.19,107.1,0,264.29
523.84,186.56,0,710.4
4.53,75.4,0,79.93
210.5,185.5,0,396
808.48,54.69,0,863.17
928.24,68.9,0,997.14
0,60.95,0,60.95
938.35,312.7,0,"1,251.05"
343.14,539.54,0,882.68
327.04,125.08,0,452.12
278.17,104.94,0,383.11
82.06,68.1,0,150.16
0,175,0,175
0,19.61,0,19.61
"2,986.97",431.95,0,"3,418.92"
0,7.95,0,7.95
27.02,99.64,0,126.66
79.5,42.9,0,122.4
39.3,62.54,0,101.84
730.99,353.02,0,"1,084.01"
39.3,54.59,0,93.89
10.37,45.5,0,55.87
10.37,47.58,0,57.95
0,42.6,0,42.6
82.5,402.32,0,484.82
331.6,325.42,0,657.02
999.32,243.27,0,"1,242.59"
4.99,14.31,0,19.3
70.43,0,0,70.43
0,0,0,0
200.29,434.6,0,634.89
0,57.24,0,57.24
0,59.89,0,59.89
58.39,60.9,0,119.29
0,11.66,0,11.66
302.99,202.99,0,505.98
928.24,63.6,0,991.84
0,5.1,0,5.1
163.79,5.25,0,169.04
0,33.39,0,33.39
55.6,27.9,0,83.5
0,30.74,0,30.74
0,27.56,0,27.56
621.66,71.24,0,692.9
0,0,0,0
0,21.2,0,21.2
"1,039.44",112.28,0,"1,151.72"
63.53,40.2,0,103.73
144.99,34.45,0,179.44
69.65,81.9,0,151.55
36.85,249.1,0,285.95
217.78,145.2,0,362.98
100.62,149.99,0,250.61
0,8.32,0,8.32
93.79,126.1,0,219.89
0,10.6,0,10.6
101.5,149.45,0,250.95
0,13.25,0,13.25
0,35.4,0,35.4
7.97,58.24,0,66.21
40.49,72.08,0,112.57
945.08,92.3,0,"1,037.38"
"2,330.23",0,0,"2,330.23"
0,51.41,0,51.41
15.28,17.68,0,32.96
"1,227.51",51.41,0,"1,278.92"
7.97,38.16,0,46.13
63.57,63.6,0,127.17
12.61,60.42,0,73.03
288.56,33.9,0,322.46
48.04,39.2,0,87.24
0,12.72,0,12.72
0,26.5,0,26.5
54.44,60.9,0,115.34
274.7,59.4,0,334.1
33.3,62.54,0,95.84
47.06,57,0,104.06
0,93.28,0,93.28
56.56,68.9,0,125.46
241.29,0,0,241.29
0,0,0,0
670.86,0,0,670.86
0,0,0,0
0,0,0,0
415.49,52.47,0,467.96
0,6.89,0,6.89
79.05,32.2,0,111.25
171.85,113.95,0,285.8
79.05,43.99,0,123.04
62.1,74.2,0,136.3
99.96,52.47,0,152.43
"1,437.59",85.86,0,"1,523.45"
39.3,95.4,0,134.7
14.03,62.54,0,76.57
12.61,65.1,0,77.71
184.76,187.09,0,371.85
77.41,45.9,0,123.31
4.53,49.4,0,53.93
50.52,102.29,0,152.81
0,0,0,0
4.16,141.24,0,145.4
56.16,81,0,137.16
73.11,56.4,0,129.51
0,39.55,0,39.55
0,40.6,0,40.6
562.45,183.91,0,746.36
214.96,157.94,0,372.9
179.72,235.32,0,415.04
"1,455.03",94.87,0,"1,549.90"
0,14.84,0,14.84
0,24.5,0,24.5
449.57,92.7,0,542.27
12.61,24.6,0,37.21
29.22,38.69,0,67.91
55.64,55.5,0,111.14
449.1,24,0,473.1
79.05,45.05,0,124.1
"2,236.40",0,0,"2,236.40"
4.53,29.9,0,34.43
145.51,75.79,0,221.3
4.53,47.95,0,52.48
0,15.08,0,15.08
4.53,21.32,0,25.85
200.83,231.08,0,431.91
0,9.62,0,9.62
767.1,151.55,0,918.65
4.53,57.24,0,61.77
0,35.51,0,35.51
2.33,33.39,0,35.72
0,18,0,18
0,20.28,0,20.28
98.59,72.61,0,171.2
316.8,299.45,0,616.25
"1,365.30",56.42,0,"1,421.72"
0,6.5,0,6.5
520.49,136.21,0,656.7
12.61,43.5,0,56.11
912.58,73.84,0,986.42
0,19.5,0,19.5
7.97,40.92,0,48.89
349.83,16.5,0,366.33
196.78,57.3,0,254.08
569.07,259.5,0,828.57
812.48,34.5,0,846.98
0,9.1,0,9.1
0,14.84,0,14.84
0,5.1,0,5.1
"2,498.20",568.16,0,"3,066.36"
"1,614.08",0,0,"1,614.08"
1.78,0.9,0,2.68
0,31.72,0,31.72
378.22,125.61,0,503.83
165.66,6.89,0,172.55
632.37,174.37,0,806.74
0,18.55,0,18.55
62.1,117.66,0,179.76
9.94,6.3,0,16.24
0,38.5,0,38.5
48.55,32.2,0,80.75
29.02,47.7,0,76.72
"1,107.08",248.57,0,"1,355.65"
79.05,46.64,0,125.69
4.53,46.64,0,51.17
4.53,31.72,0,36.25
4.53,51.98,0,56.51
4.53,61.62,0,66.15
4.53,56.7,0,61.23
642.43,51.94,0,694.37
63.38,22.79,0,86.17
111.83,11.66,0,123.49
202.52,156.35,0,358.87
143.7,33.25,0,176.95
23.44,62.01,0,85.45
44.88,68.9,0,113.78
10.37,37.96,0,48.33
0,2.08,0,2.08
0,21.7,0,21.7
722.09,159.53,0,881.62
0,23.45,0,23.45
10.37,103.35,0,113.72
10.37,83.21,0,93.58
0,5.2,0,5.2
325,192.39,0,517.39
73.11,54.9,0,128.01
106.97,153.17,0,260.14
0,8.05,0,8.05
33.3,28,0,61.3
54.64,63.6,0,118.24
650.06,94.09,0,744.15
382.58,135.3,0,517.88
0,6.3,0,6.3
68.08,148.93,0,217.01
56.51,72.08,0,128.59
14.91,12.25,0,27.16
79.05,59.36,0,138.41
4.53,51.22,0,55.75
4.53,54.95,0,59.48
0,12.19,0,12.19
37.73,0,0,37.73
37.73,15.08,0,52.81
37.73,17.49,0,55.22
0,19.5,0,19.5
0,29.05,0,29.05
0,20.3,0,20.3
103.73,40.25,0,143.98
969.29,151.58,0,"1,120.87"
78.74,54.59,0,133.33
494.84,369.94,0,864.78
7.79,18.55,0,26.34
690,125.9,0,815.9
15.23,12.19,0,27.42
"1,048.90",160.8,0,"1,209.70"
0,0,0,0
413.86,86.8,0,500.66
530.95,26,0,556.95
0,10.4,0,10.4
14.03,65.19,0,79.22
12.61,42.4,0,55.01
103.24,60.95,0,164.19
730.73,46.11,0,776.84
45.55,60.95,0,106.5
4.53,65.19,0,69.72
1.84,0,0,1.84
0,0,0,0
4.53,57.05,0,61.58
0,0,0,0
0,35.62,0,35.62
178.75,17.5,0,196.25
0,9.01,0,9.01
374.94,937.6,0,"1,312.54"
45.55,78.44,0,123.99
991.79,50.05,0,"1,041.84"
152.97,279.31,0,432.28
3.1,0,0,3.1
0,14.31,0,14.31
427.77,94.34,0,522.11
12.61,69.96,0,82.57
0,10.92,0,10.92
780.9,70.2,0,851.1
10.37,129.85,0,140.22
224.4,93.81,0,318.21
812.48,34.5,0,846.98
64.39,0,0,64.39
210.17,20.14,0,230.31
205.73,82.68,0,288.41
231.28,355.1,0,586.38
62.11,47.1,0,109.21
0,2.65,0,2.65
42.45,81.09,0,123.54
4.53,30.42,0,34.95
"1,505.34",394.85,0,"1,900.19"
0,0,0,0
"1,961.95",410.4,0,"2,372.35"
63.61,109.71,0,173.32
0,17.42,0,17.42
0,14.1,0,14.1
0,2.4,0,2.4
0,9.54,0,9.54
791.86,59.4,0,851.26
12.61,83.74,0,96.35
1.26,61.48,0,62.74
7.19,11.66,0,18.85
100.98,81.62,0,182.6
331.58,40.5,0,372.08
115.38,113.95,0,229.33
470.24,460.57,0,930.81
270,33.6,0,303.6
969.18,253.8,0,"1,222.98"
90.66,120.84,0,211.5
660.17,36.92,0,697.09
669.25,37.44,0,706.69
96.88,157.41,0,254.29
93.96,68.9,0,162.86
131.58,146.28,0,277.86
177.6,100.7,0,278.3
0,0,0,0
38.17,23.4,0,61.57
0,17.5,0,17.5
48.55,33.95,0,82.5
56.16,94.34,0,150.5
0,37.8,0,37.8
4.53,23.45,0,27.98
28.55,37.18,0,65.73
4.53,24.7,0,29.23
41.48,63,0,104.48
0,37.1,0,37.1
0,9.54,0,9.54
16.98,9.01,0,25.99
"2,447.25",104.41,0,"2,551.66"
93.79,70.49,0,164.28
0,0,0,0
0,24.44,0,24.44
728.29,22.1,0,750.39
453.33,23.92,0,477.25
0,62.54,0,62.54
366.03,206.7,0,572.73
24.7,54.59,0,79.29
0,32.86,0,32.86
25.64,38.5,0,64.14
283.3,66,0,349.3
99.96,24.9,0,124.86
0,16.8,0,16.8
371.31,334.43,0,705.74
390.75,36.75,0,427.5
"2,557.91",436.8,0,"2,994.71"
0,7.8,0,7.8
4.53,53.82,0,58.35
436.27,39.9,0,476.17
4.53,53.55,0,58.08
101.14,29.15,0,130.29
0,0,0,0
139.56,0,0,139.56
214.17,77.1,0,291.27
0,11.7,0,11.7
97,22.5,0,119.5
79.05,24.5,0,103.55
0,29.4,0,29.4
723.1,88.51,0,811.61
176.96,177.6,0,354.56
507,339.2,0,846.2
36.61,33.95,0,70.56
0,10.6,0,10.6
0,33.8,0,33.8
0,0,0,0
449.73,103.8,0,553.53
330.14,130.38,0,460.52
314.55,248.04,0,562.59
0,9.01,0,9.01
114.33,93.28,0,207.61
79.05,46.11,0,125.16
0,3.38,0,3.38
340.57,10.92,0,351.49
0,0,0,0
82.87,39.52,0,122.39
54.64,171.72,0,226.36
0,52.26,0,52.26
55.64,60.95,0,116.59
151.2,19.61,0,170.81
0,13,0,13
84.71,113.42,0,198.13
37.41,80.03,0,117.44
53.39,60.6,0,113.99
"1,805.36",78.97,0,"1,884.33"
61.69,57.77,0,119.46
849.67,147.6,0,997.27
33.3,74.2,0,107.5
283.37,22.1,0,305.47
322.31,88.83,0,411.14
63.94,73.14,0,137.08
244.68,60.95,0,305.63
349.83,15.9,0,365.73
0,9.01,0,9.01
48.21,62.01,0,110.22
"1,547.64",44.8,0,"1,592.44"
436.27,30.9,0,467.17
535.31,26.04,0,561.35
59.04,89.31,0,148.35
75.16,67.31,0,142.47
0,12.19,0,12.19
62.61,49.4,0,112.01
48.55,76.85,0,125.4
451.09,145.86,0,596.95
0,10.6,0,10.6
53.72,47.7,0,101.42
0,16.8,0,16.8
11.53,19.95,0,31.48
"1,041.27",124.02,0,"1,165.29"
27.86,50.35,0,78.21
0,80.56,0,80.56
5.85,7.95,0,13.8
"1,652.78",19.95,0,"1,672.73"
98.18,131.97,0,230.15
211.38,191.86,0,403.24
350.58,36.04,0,386.62
54.79,9.54,0,64.33
-43.45,158.47,0,115.02
0,14.31,0,14.31
0,0,0,0
21.67,63.7,0,85.37
79.87,82.15,0,162.02
339.2,56.71,0,395.91
331.75,128.18,0,459.93
93.96,35.35,0,129.31
158.48,39.78,0,198.26
0,14.84,0,14.84
352.97,18.2,0,371.17
54.79,7.95,0,62.74
0,14.31,0,14.31
350.58,38.16,0,388.74
7.97,30.68,0,38.65
522.55,24.9,0,547.45
367.04,100.17,0,467.21
0,19.61,0,19.61
77.78,54.59,0,132.37
12.61,74.2,0,86.81
327.49,85.2,0,412.69
412.97,68.9,0,481.87
48.55,32.2,0,80.75
0,18.55,0,18.55
928.24,40.8,0,969.04
400.18,18.55,0,418.73
0,0,0,0
447.26,191.86,0,639.12
267.41,123.49,0,390.9
0,17.5,0,17.5
144.52,15.75,0,160.27
0,18.55,0,18.55
76.22,96.99,0,173.21
48.55,69.96,0,118.51
0,17.49,0,17.49
823.74,56.05,0,879.79
14.03,62.01,0,76.04
534.89,174.9,0,709.79
670.45,54.34,0,724.79
661.19,99.65,0,760.84
248.65,90.1,0,338.75
56.16,101.76,0,157.92
694.23,114.9,0,809.13
3.5,168.54,0,172.04
77.78,67.31,0,145.09
0,12.19,0,12.19
34.96,48.6,0,83.56
49.59,147.34,0,196.93
41.81,94.34,0,136.15
164.55,8.58,0,173.13
45.42,67.31,0,112.73
0.76,13.25,0,14.01
566.7,565.51,0,"1,132.21"
"1,296.22",190.99,0,"1,487.21"
51.49,46.64,0,98.13
53.39,64.48,0,117.87
"1,805.36",144.16,0,"1,949.52"
12.61,34.5,0,47.11
68.57,36.3,0,104.87
100.98,121.9,0,222.88
62.61,99.64,0,162.25
57.64,27.82,0,85.46
0,0.6,0,0.6
77.78,35.1,0,112.88
189.62,20.1,0,209.72
237.6,7.28,0,244.88
283.52,68.37,0,351.89
160.36,6.3,0,166.66
4.53,40.25,0,44.78
33.3,42.35,0,75.65
443.15,152.64,0,595.79
388.72,117.3,0,506.02
69.88,99.11,0,168.99
0,14.31,0,14.31
53.72,80.56,0,134.28
414.18,80.56,0,494.74
14.91,67.84,0,82.75
"1,639.80",591.48,0,"2,231.28"
928.24,54.06,0,982.3
559.98,11.55,0,571.53
0,18.55,0,18.55
0,8.75,0,8.75
7.97,27.9,0,35.87
0,3.9,0,3.9
67.19,33.9,0,101.09
12.61,52.47,0,65.08
53.72,45.58,0,99.3
84.71,112.36,0,197.07
317.29,146.28,0,463.57
0,24.91,0,24.91
"1,376.86",394.85,0,"1,771.71"
529.24,72.61,0,601.85
6.28,101.76,0,108.04
12.61,64.66,0,77.27
182,9.01,0,191.01
458.7,50.4,0,509.1
168.16,124.8,0,292.96
66.39,55.65,0,122.04
0,20.14,0,20.14
0,55.12,0,55.12
200,55.65,0,255.65
0,0,0,0
28.34,42.6,0,70.94
53.39,246.98,0,300.37
514.37,104.94,0,619.31
0,33.39,0,33.39
50.41,60.95,0,111.36
547.27,290.97,0,838.24
166.33,132.45,0,298.78
97.3,56.7,0,154
0,0,0,0
450.57,73.14,0,523.71
0,7.8,0,7.8
0,14.31,0,14.31
605.98,833.16,0,"1,439.14"
342.19,39.9,0,382.09
213.99,14.84,0,228.83
0,26.5,0,26.5
78.7,35.62,0,114.32
0,6.5,0,6.5
178.47,113.95,0,292.42
0,0,0,0
"1,792.37",26.5,0,"1,818.87"
501.44,230.02,0,731.46
481.68,90,0,571.68
101.7,45.15,0,146.85
0,14.31,0,14.31
111.58,72.61,0,184.19
0,15.9,0,15.9
0,9.01,0,9.01
676.25,93.45,0,769.7
259.78,73.67,0,333.45
0,44.1,0,44.1
73.16,93.81,0,166.97
0,52.5,0,52.5
0,0,367.5,367.5
10.93,108.65,0,119.58
836.14,146.81,0,982.95
226.03,30.8,0,256.83
4.53,49.46,0,53.99
4.86,2.8,0,7.66
10.37,84.6,0,94.97
144.12,45.05,0,189.17
4.53,50.14,0,54.67
10.37,49.14,0,59.51
10.37,62.92,0,73.29
10.37,169.6,0,179.97
4.53,28,0,32.53
10.37,65,0,75.37
10.37,42.9,0,53.27
10.37,56.1,0,66.47
10.37,31.98,0,42.35
0,22.26,0,22.26
39.3,47.7,0,87
149.98,41.34,0,191.32
237.99,155.29,0,393.28
39.3,28,0,67.3
0,69.65,0,69.65
"1,359.33",98.05,0,"1,457.38"
182.99,59.1,0,242.09
48.55,55.65,0,104.2
0,35.7,0,35.7
4.53,29.05,0,33.58
0,12.19,0,12.19
45.42,80.56,0,125.98
640.48,12.25,0,652.73
178.99,31.85,0,210.84
48.55,46.11,0,94.66
0,14.82,0,14.82
257.17,62.4,0,319.57
112.75,83.74,0,196.49
"1,126.75",45.5,0,"1,172.25"
477.18,75.9,0,553.08
738.33,213.06,0,951.39
7.72,146.81,0,154.53
48.55,46.64,0,95.19
48.55,28,0,76.55
14.03,31.5,0,45.53
0,82.15,0,82.15
949.38,57.77,0,"1,007.15"
436.76,59.89,0,496.65
143.24,59.85,0,203.09
80.79,59.89,0,140.68
"2,234.61",0,0,"2,234.61"
0,0,0,0
4.53,62.54,0,67.07
4.53,42.4,0,46.93
4.53,46.11,0,50.64
4.53,32.2,0,36.73
4.53,37.45,0,41.98
4.53,85.86,0,90.39
4.53,28.7,0,33.23
4.53,42.56,0,47.09
847.62,478.06,0,"1,325.68"
458.7,45.6,0,504.3
33.3,59.89,0,93.19
33.3,49.7,0,83
43.93,35,0,78.93
201.5,207.76,0,409.26
32.83,75.26,0,108.09
95.15,56.18,0,151.33
708.93,71.49,0,780.42
53.52,48.9,0,102.42
71.99,14.4,0,86.39
338.49,75.25,0,413.74
93.05,67.84,0,160.89
79.61,82.15,0,161.76
0,19.61,0,19.61
0,6.3,0,6.3
0,7,0,7
0,4.55,0,4.55
0,0,0,0
87.77,72.62,0,160.39
57.8,63.9,0,121.7
742.4,137.55,0,879.95
0,14.31,0,14.31
109.63,77.91,0,187.54
127.53,59.5,0,187.03
77.78,29.1,0,106.88
0,9,0,9
638.65,82.68,0,721.33
0,11.66,0,11.66
235.37,106.5,0,341.87
147.13,137.8,0,284.93
0,18.55,0,18.55
26.65,18.55,0,45.2
42.45,95.4,0,137.85
586.49,115.01,0,701.5
39.78,36.57,0,76.35
214.96,26.25,0,241.21
256.68,341.85,0,598.53
936.19,206.17,0,"1,142.36"
812.48,47.1,0,859.58
62,82.15,0,144.15
324.38,261.8,0,586.18
0,29.15,0,29.15
532.72,165.89,0,698.61
56.16,108.9,0,165.06
0,12.19,0,12.19
19.88,0,0,19.88
489.22,96.46,0,585.68
69.3,42.12,0,111.42
45.42,57,0,102.42
58.32,33.6,0,91.92
458.72,320.65,0,779.37
50.04,9.45,0,59.49
78.7,57.9,0,136.6
572.12,42.1,0,614.22
44.53,71.55,0,116.08
342.98,130.91,0,473.89
45.55,22.5,0,68.05
135.16,52.15,0,187.31
61.69,71.55,0,133.24
0,15.9,0,15.9
30.51,44.8,0,75.31
0.91,0,0,0.91
12.61,63.21,0,75.82
42.45,67.55,0,110
73.87,46.55,0,120.42
314.81,139.39,0,454.2
6.63,13.25,0,19.88
63.37,31.98,0,95.35
187.67,35.51,0,223.18
210.33,199.81,0,410.14
207.39,42,0,249.39
269.18,152.11,0,421.29
"1,374.00",19.25,0,"1,393.25"
0,9.45,0,9.45
0,0,0,0
481.61,47.06,0,528.67
105.79,62.54,0,168.33
47.29,0,0,47.29
436.76,21.6,0,458.36
172.43,176.49,0,348.92
40.99,62.92,0,103.91
0,33.39,0,33.39
139.96,36.04,0,176
12.61,53.53,0,66.14
"1,277.71",83.21,0,"1,360.92"
122.97,35,0,157.97
79.08,99.9,0,178.98
7.97,0,0,7.97
44.53,76.85,0,121.38
404.09,108.65,0,512.74
89.84,52.4,0,142.24
179.71,38.16,0,217.87
12.61,30.3,0,42.91
"1,053.21",81,0,"1,134.21"
0,16.9,0,16.9
772,54.59,0,826.59
736.39,196.1,0,932.49
73.14,71.05,0,144.19
400.18,40.81,0,440.99
551.48,232.14,0,783.62
265.63,22.62,0,288.25
164.55,6.5,0,171.05
231.39,14.3,0,245.69
244.36,34.3,0,278.66
"1,059.81",346.8,0,"1,406.61"
583.03,65.59,0,648.62
0,38.22,0,38.22
10.37,107.59,0,117.96
303.39,22.1,0,325.49
0,2.08,0,2.08
446.87,304.85,0,751.72
90.79,67.84,0,158.63
349.83,31.8,0,381.63
0,9.54,0,9.54
56.16,53.1,0,109.26
0,0,0,0
93.79,63.6,0,157.39
54.79,6.36,0,61.15
448.18,447.85,0,896.03
0,19.61,0,19.61
860.35,39.22,0,899.57
445.4,101.76,0,547.16
12.61,87.45,0,100.06
0,107.59,0,107.59
592.26,121.37,0,713.63
"1,992.32",22.1,0,"2,014.42"
"1,372.98",85.2,0,"1,458.18"
0,13.25,0,13.25
133.92,92.75,0,226.67
0,12.19,0,12.19
93.79,43.75,0,137.54
531.43,55.2,0,586.63
441.9,275.07,0,716.97
486.57,426.65,0,913.22
53.39,71.1,0,124.49
"1,125.15",411.81,186.31,"1,723.27"
77.47,29.75,0,107.22
178.75,8.58,0,187.33
443.15,74.1,0,517.25
7.14,9.1,0,16.24
0,0,0,0
0,9.45,0,9.45
131.3,85.17,0,216.47
17.54,30.74,0,48.28
298.88,236.91,0,535.79
288.56,18,0,306.56
104.4,89.25,0,193.65
813.05,270.3,0,"1,083.35"
0,7.95,0,7.95
273.18,38.5,0,311.68
159.31,147.34,0,306.65
391.12,579.29,0,970.41
469.13,84.6,0,553.73
93.79,78.05,0,171.84
0,26.5,0,26.5
45.55,23.4,0,68.95
504.09,271.89,0,775.98
221.79,46.64,0,268.43
62.41,33,0,95.41
0,0.9,0,0.9
0,12.19,0,12.19
169.2,108.65,0,277.85
39.32,35.35,0,74.67
755.7,74.2,0,829.9
0,45.05,0,45.05
92.77,95.93,0,188.7
0,8.75,0,8.75
0,31.8,0,31.8
78.21,108.9,0,187.11
4.53,66.25,0,70.78
20.07,88.51,0,108.58
0,6.5,0,6.5
355.57,41.34,0,396.91
0,26.5,0,26.5
620.3,378.42,0,998.72
0,5.2,0,5.2
61.69,54.08,0,115.77
321.26,135,0,456.26
0,7.7,0,7.7
116.91,196.35,0,313.26
198.08,199.81,0,397.89
306.56,59.36,0,365.92
61.53,0,0,61.53
633.49,247.51,0,881
16.98,0,0,16.98
4.53,35.7,0,40.23
4.53,54.25,0,58.78
4.53,60.95,0,65.48
4.53,39.2,0,43.73
259.52,140.45,0,399.97
56.16,64.2,0,120.36
621.69,152.64,0,774.33
0,14.84,0,14.84
469.54,31.9,0,501.44
0,11.55,0,11.55
0,14.7,0,14.7
0,36.9,0,36.9
42.81,19.61,0,62.42
0,14.7,0,14.7
0,0,0,0
108.49,73.67,0,182.16
293.24,138.86,0,432.1
33.32,39.9,0,73.22
0,39.55,0,39.55
23.8,45.85,0,69.65
257.47,98.31,0,355.78
0,11.66,0,11.66
442.37,51.41,0,493.78
4.53,38.5,0,43.03
4.53,67.84,0,72.37
4.53,62.3,0,66.83
4.53,62.3,0,66.83
0,0,0,0
0,0,0,0
"1,992.32",13.78,0,"2,006.10"
0,33.39,0,33.39
4.53,36.92,0,41.45
0,0,0,0
4.53,70.49,0,75.02
4.53,34.58,0,39.11
0,3.38,0,3.38
0,51.22,0,51.22
140.4,54.6,0,195
0,64.66,0,64.66
146.55,93.1,0,239.65
203.27,35.1,0,238.37
0,14.84,0,14.84
180.88,73.14,0,254.02
633.29,17.94,0,651.23
109.79,54.06,0,163.85
0,9.1,0,9.1
0,42.12,0,42.12
141.22,228.96,0,370.18
0,35.7,0,35.7
0,28.7,0,28.7
158.67,41.1,0,199.77
"2,345.76",237.44,0,"2,583.20"
39.3,46.2,0,85.5
125.95,38.85,0,164.8
400.18,23.45,0,423.63
0,0,0,0
53.39,51,0,104.39
41.27,63.7,0,104.97
36.15,47.32,0,83.47
148.09,143.1,0,291.19
47.75,15.9,0,63.65
133.76,13.25,0,147.01
33.03,44.4,0,77.43
96,34.32,0,130.32
33.3,60.95,0,94.25
562.68,157.94,0,720.62
0,39.75,0,39.75
32.42,185.5,0,217.92
88.69,68.7,0,157.39
33.41,51.41,0,84.82
11.67,25.5,0,37.17
0,5.2,0,5.2
45.42,64.89,0,110.31
227.39,84.8,0,312.19
134.04,67.5,0,201.54
477.01,284.08,0,761.09
56.13,58.44,0,114.57
0,5.98,0,5.98
62.86,58.3,0,121.16
635.54,78.4,0,713.94
4.53,26.95,0,31.48
64.13,65.1,0,129.23
0,9.45,0,9.45
98.8,3.38,0,102.18
0,0,0,0
0,0,0,0
181.59,11.66,0,193.25
396.49,253.87,0,650.36
490.4,20.02,0,510.42
0,27.9,0,27.9
342.71,80.75,0,423.46
0,7.02,0,7.02
734.3,0,0,734.3
86,145.22,0,231.22
356.15,63.3,0,419.45
0,6.36,0,6.36
352.37,314.82,0,667.19
0,0,0,0
105.32,84.8,0,190.12
351.33,147.3,0,498.63
400.18,14,0,414.18
61.69,42.9,0,104.59
358.86,189.21,0,548.07
434.99,82.15,0,517.14
64.76,110.24,0,175
0,0,0,0
108,9.54,0,117.54
0,44.72,0,44.72
188.89,20.4,0,209.29
303.52,46.5,0,350.02
45.55,66.25,0,111.8
4.53,35.51,0,40.04
9.52,47.7,0,57.22
5.6,56.74,0,62.34
42.82,84.27,0,127.09
0,41.7,0,41.7
0,18.55,0,18.55
0,14.31,0,14.31
0,9.01,0,9.01
0,10.6,0,10.6
783.68,59.89,0,843.57
300.03,0,0,300.03
0,0,0,0
64.13,90.1,0,154.23
72.47,110.77,0,183.24
54.68,44.4,0,99.08
142.82,9.1,0,151.92
303.01,101.76,0,404.77
291.51,54.3,0,345.81
564.86,0,0,564.86
401.01,51.41,0,452.42
132.82,36.9,0,169.72
213.32,115.15,0,328.47
92.31,117.66,0,209.97
113.76,47.95,0,161.71
0,38.16,0,38.16
45.47,73.67,0,119.14
30.58,62.01,0,92.59
17.07,86.39,233.42,336.88
33.3,35.7,0,69
0,0,0,0
33.3,53,0,86.3
39.3,54.06,0,93.36
284.62,73.15,0,357.77
76.13,72.9,0,149.03
0,37.7,0,37.7
0,37.7,0,37.7
7.45,6.89,0,14.34
78.32,43.68,0,122
0,20.14,0,20.14
114.32,13.52,0,127.84
0,0,0,0
4.53,49,0,53.53
55.61,10.6,0,66.21
0,2.08,0,2.08
922.02,59.15,0,981.17
54.79,9.8,0,64.59
81.39,35,0,116.39
0,37.1,0,37.1
100.98,70.49,0,171.47
149.12,108.12,0,257.24
694.37,16.9,0,711.27
115.54,39.55,0,155.09
224.25,124.5,0,348.75
300,19.61,0,319.61
0,0,0,0
0,84.8,0,84.8
0,39.75,0,39.75
0,0,0,0
"3,315.72",155.29,0,"3,471.01"
"3,349.62",120.84,0,"3,470.46"
129.25,22.79,0,152.04
4.53,162.71,0,167.24
129.25,200.34,0,329.59
42.59,76.85,0,119.44
156.26,119.53,0,275.79
0,94.34,0,94.34
0,43.75,0,43.75
"2,234.61",17.42,0,"2,252.03"
350.58,44.45,0,395.03
321.09,35,0,356.09
0,0,0,0
0,30.9,0,30.9
34.09,200.34,0,234.43
55.05,10.14,0,65.19
0,20.4,0,20.4
206.33,66.25,0,272.58
16.71,63.6,0,80.31
41.27,74.2,0,115.47
9.59,0,0,9.59
57.69,67.84,0,125.53
203.33,14.1,0,217.43
32.35,2.8,0,35.15
32.35,2.8,0,35.15
25.21,149.46,"1,424.19","1,598.86"
32.35,2.8,0,35.15
32.35,2.8,0,35.15
4.53,47.7,0,52.23
4.53,33.95,0,38.48
510.25,5.3,0,515.55
0,9.01,0,9.01
58.42,21.9,0,80.32
81.1,29.4,0,110.5
0,14.84,0,14.84
170.41,35.88,0,206.29
7.14,21.6,0,28.74
0,658.26,0,658.26
218.1,44.52,0,262.62
72.11,86.39,0,158.5
268.45,51.94,0,320.39
297.57,149.1,0,446.67
295.76,99.64,0,395.4
1.78,6.9,0,8.68
55.05,38.1,0,93.15
47.58,51.9,0,99.48
126.2,123.66,0,249.86
26.85,56.18,0,83.03
615.42,47.7,0,663.12
205.05,115.54,0,320.59
0,9.88,0,9.88
316.44,62.54,0,378.98
143.7,0,0,143.7
69.04,24.9,0,93.94
"1,163.50",8.05,0,"1,171.55"
0,0,0,0
0,10.5,0,10.5
16.98,6.3,0,23.28
0,39.75,0,39.75
76.51,46.2,0,122.71
396.19,78.97,0,475.16
48.55,29.05,0,77.6
863.22,132.72,0,995.94
93.84,102.82,0,196.66
116.44,63.18,0,179.62
60.1,93.81,0,153.91
390.47,60.05,0,450.52
913.99,295.21,0,"1,209.20"
54.79,6.3,0,61.09
166.22,5.72,0,171.94
11.09,20.14,0,31.23
528.08,28.6,0,556.68
81.2,77.38,0,158.58
0,22.26,0,22.26
0,8.05,0,8.05
122.45,75.6,0,198.05
705.71,486.01,0,"1,191.72"
0,24.91,0,24.91
0,16.96,0,16.96
481.61,51.41,0,533.02
0,7.7,0,7.7
0,20.02,0,20.02
211.92,57.24,0,269.16
375.66,66.5,0,442.16
33.3,39.2,0,72.5
639.69,48.1,0,687.79
73.06,21.2,0,94.26
101.1,20.3,0,121.4
133.2,7.02,0,140.22
72.75,35.88,0,108.63
257.92,54.06,0,311.98
13.98,64.4,0,78.38
"1,432.83",76.85,0,"1,509.68"
559.98,14.31,0,574.29
0,13.25,0,13.25
"1,185.60",5.3,0,"1,190.90"
0,104.94,0,104.94
170.59,138.86,0,309.45
99.11,76.44,0,175.55
198.18,42.7,0,240.88
63.83,86.39,0,150.22
354.89,55.65,0,410.54
36.15,42.4,0,78.55
961.89,277.19,0,"1,239.08"
496.59,36.88,0,533.47
54.09,25.5,0,79.59
12.7,70.74,0,83.44
762.99,94.5,0,857.49
0,40.3,0,40.3
0,42.64,0,42.64
177.9,51.09,0,228.99
0,40.82,0,40.82
0,14.84,0,14.84
64.31,39.78,0,104.09
4.53,60.95,0,65.48
49.73,83.21,0,132.94
173.1,39.55,0,212.65
94.88,51.22,0,146.1
122.14,103.88,0,226.02
57.69,63.6,0,121.29
0,9.01,0,9.01
33.3,27.3,0,60.6
73.64,78.44,0,152.08
353.45,22.26,0,375.71
353.65,111.3,0,464.95
0,23.8,0,23.8
363.9,135.15,0,499.05
242.29,51.45,0,293.74
48.55,47.7,0,96.25
0,12.95,0,12.95
0,38.96,0,38.96
77.47,43.99,0,121.46
42.59,40.3,0,82.89
54.09,64.66,0,118.75
0,60.95,0,60.95
"3,152.31",635.12,0,"3,787.43"
"6,709.10",646.6,0,"7,355.70"
48.03,82.15,0,130.18
93.84,44.2,0,138.04
157.5,14.82,0,172.32
109.85,0,0,109.85
0,12.19,0,12.19
0,17.49,0,17.49
295.04,140.15,0,435.19
198.66,108.6,0,307.26
0,7.5,0,7.5
6.66,16.38,0,23.04
63.42,46.28,0,109.7
0,19.61,0,19.61
210.75,183.38,0,394.13
91.9,49.8,0,141.7
39.3,60.95,0,100.25
16.25,14.84,0,31.09
54.09,56.71,0,110.8
"1,651.83",22.26,0,"1,674.09"
0,22.26,0,22.26
186.15,6.3,0,192.45
370.84,202.46,0,573.3
0,12.48,0,12.48
42.59,42.3,0,84.89
530.74,9.45,0,540.19
115.01,69.96,0,184.97
385.35,103.5,0,488.85
127.66,52.5,0,180.16
19.04,48.65,0,67.69
55.05,78.44,0,133.49
41.79,19.95,0,61.74
0,0,0,0
0.91,6.36,0,7.27
2.08,42.93,0,45.01
35.9,60.9,0,96.8
0,37.1,0,37.1
388.98,33.8,0,422.78
140.32,54.6,0,194.92
55.05,41.4,0,96.45
118.3,40.25,0,158.55
79.62,61.25,0,140.87
350.01,29.9,0,379.91
57.95,39.6,0,97.55
4.53,67.84,0,72.37
309.44,107.06,0,416.5
0,9.54,0,9.54
64.34,77.91,0,142.25
48.55,56.71,0,105.26
406.68,49.5,0,456.18
120.72,32.4,0,153.12
105.23,47.1,0,152.33
11.36,8.32,0,19.68
427.46,247.51,0,674.97
0,28.09,0,28.09
-9.24,110.25,0,101.01
169,208.82,0,377.82
97.17,21.9,0,119.07
288.34,21.58,0,309.92
71.57,103.88,0,175.45
0,22.62,0,22.62
324.22,62.7,0,386.92
124.76,88.41,0,213.17
0,81.62,0,81.62
238.69,33.6,0,272.29
28.56,67.34,0,95.9
0,0,0,0
215.28,54.59,0,269.87
0,48.76,0,48.76
81.1,36.9,0,118
4.53,41.34,0,45.87
0,7.28,0,7.28
0,28.09,0,28.09
0,7,0,7
0,2.45,0,2.45
27.65,53,0,80.65
240.27,135.68,0,375.95
58.94,60.95,0,119.89
123.16,127.2,0,250.36
48.55,32.2,0,80.75
32.83,73.15,0,105.98
457.43,75.26,0,532.69
93.59,38.69,0,132.28
54.79,0,0,54.79
33.02,55.12,0,88.14
195.55,86.45,0,282
125.42,17.5,0,142.92
0,14.31,0,14.31
9.33,55.12,0,64.45
590.14,47.1,0,637.24
221.79,26.25,0,248.04
99.35,90.63,0,189.98
786.4,58.3,0,844.7
48.55,59.89,0,108.44
0,90.1,0,90.1
174.98,37.8,0,212.78
364.98,182.32,0,547.3
45.92,53.53,0,99.45
0,74.2,0,74.2
0,0,0,0
0,13.25,0,13.25
308.59,54.06,0,362.65
95.14,0,0,95.14
101.93,20.4,0,122.33
449.7,49.96,0,499.66
55.01,120.31,0,175.32
71.28,126.67,0,197.95
0,11.55,0,11.55
0,14.31,0,14.31
0,199.28,0,199.28
0,54.6,0,54.6
0,45.5,0,45.5
0,47.32,0,47.32
0,27.82,0,27.82
0,27.82,0,27.82
81.1,57.24,0,138.34
11.87,128.26,0,140.13
9.71,51.45,0,61.16
93.79,37.7,0,131.49
0,137.8,0,137.8
62.61,126.14,0,188.75
549.1,47.4,0,596.5
67.18,66.25,0,133.43
0,16.96,0,16.96
48.6,73.67,0,122.27
150.95,170.66,0,321.61
0,51.94,0,51.94
59.63,91.69,0,151.32
33.34,39.52,0,72.86
39.35,41.6,0,80.95
0,9.62,0,9.62
0,11.7,0,11.7
64.38,67.31,0,131.69
0,9.54,0,9.54
190.94,5.2,0,196.14
42.61,0,0,42.61
292.5,23.85,0,316.35
56.16,32.1,0,88.26
0,7.28,0,7.28
60,70,0,130
143.7,45.05,0,188.75
511.52,176.49,0,688.01
145.84,137.8,0,283.64
43.06,126.67,0,169.73
199.89,83.74,0,283.63
0,55.9,0,55.9
0,14.7,0,14.7
11.7,24.91,0,36.61
0,13.3,0,13.3
39.35,57.24,0,96.59
32.96,43.75,0,76.71
269.6,84.8,0,354.4
91.17,128.79,0,219.96
55.01,131.44,0,186.45
39.35,59.89,0,99.24
47.92,52.5,0,100.42
0,157.41,0,157.41
0,14.7,0,14.7
79.05,58.8,0,137.85
174.98,57.4,0,232.38
354.89,91.69,0,446.58
65.12,365.7,0,430.82
403.47,291.2,0,694.67
497.9,112.2,0,610.1
33.35,57.24,0,90.59
0,12.48,0,12.48
0,6.5,0,6.5
269.75,111.83,0,381.58
32.35,1.59,0,33.94
0,5.72,0,5.72
0,9.45,0,9.45
11.96,39.26,0,51.22
63.42,41.1,0,104.52
0,0,0,0
0,20.14,0,20.14
0,14.84,0,14.84
141.75,111.83,0,253.58
436.27,28.5,0,464.77
766.39,210.94,0,977.33
0,15.9,0,15.9
59.63,90.63,0,150.26
0,35.62,0,35.62
114.2,88.51,0,202.71
55.93,78.9,0,134.83
5.98,5.72,0,11.7
0,11.2,0,11.2
0,12.19,0,12.19
33.35,59.36,0,92.71
5.98,18.98,0,24.96
43.98,27.3,0,71.28
48.6,53,0,101.6
0,10.6,0,10.6
98.89,90.1,0,188.99
74.58,19.5,0,94.08
17.05,14.31,0,31.36
680.79,24.5,0,705.29
69.36,26,0,95.36
0,27.9,0,27.9
260.17,92.75,0,352.92
405.71,13.78,0,419.49
0,21.2,0,21.2
169,9.01,0,178.01
,,,
Parts Cost,Labor Cost,Sublet Cost,Total Service Cost
"584,706.66","179,157.58","4,532.98","768,397.22"
